path,file_type,exists_missing,size_bytes,modified_time,duration_sec,stream_summary,referenced_by,status
Videos/Projects/using_ai_to_help_memory_retention_short/_tmp/16x9/cont_concat.txt,txt,exists,1110,2026-06-14T09:49:40.667188+08:00,,,,unreferenced-intermediate
Videos/Projects/using_ai_to_help_memory_retention_short/_tmp/16x9/cont_joined.mp4,mp4,exists,46861979,2026-06-14T09:49:44.013609+08:00,146.560000,video=h264 1920x1080 fps=24/1 frames=2000 stream_dur=83.333333; audio=aac 48000Hz 2ch stream_dur=146.560000,,unreferenced-intermediate
Videos/Projects/using_ai_to_help_memory_retention_short/_tmp/16x9/cont_seg_0.mp4,mp4,exists,3334655,2026-06-14T09:49:18.294162+08:00,8.041667,video=h264 1920x1080 fps=24/1 frames=193 stream_dur=8.041667,,unreferenced-intermediate
Videos/Projects/using_ai_to_help_memory_retention_short/_tmp/16x9/cont_seg_1.mp4,mp4,exists,2729773,2026-06-14T09:49:20.002192+08:00,4.666667,video=h264 1920x1080 fps=24/1 frames=112 stream_dur=4.666667,,unreferenced-intermediate
Videos/Projects/using_ai_to_help_memory_retention_short/_tmp/16x9/cont_seg_2.mp4,mp4,exists,3090397,2026-06-14T09:49:22.221230+08:00,7.041667,video=h264 1920x1080 fps=24/1 frames=169 stream_dur=7.041667,,unreferenced-intermediate
Videos/Projects/using_ai_to_help_memory_retention_short/_tmp/16x9/cont_seg_3.mp4,mp4,exists,2486053,2026-06-14T09:49:23.741256+08:00,5.750000,video=h264 1920x1080 fps=24/1 frames=138 stream_dur=5.750000,,unreferenced-intermediate
Videos/Projects/using_ai_to_help_memory_retention_short/_tmp/16x9/cont_seg_4.mp4,mp4,exists,4962520,2026-06-14T09:49:26.359302+08:00,7.041667,video=h264 1920x1080 fps=24/1 frames=169 stream_dur=7.041667,,unreferenced-intermediate
Videos/Projects/using_ai_to_help_memory_retention_short/_tmp/16x9/cont_seg_5.mp4,mp4,exists,5934260,2026-06-14T09:49:29.530357+08:00,10.625000,video=h264 1920x1080 fps=24/1 frames=255 stream_dur=10.625000,,unreferenced-intermediate
Videos/Projects/using_ai_to_help_memory_retention_short/_tmp/16x9/cont_seg_6.mp4,mp4,exists,2850286,2026-06-14T09:49:31.509392+08:00,7.041667,video=h264 1920x1080 fps=24/1 frames=169 stream_dur=7.041667,,unreferenced-intermediate
Videos/Projects/using_ai_to_help_memory_retention_short/_tmp/16x9/cont_seg_7.mp4,mp4,exists,6637624,2026-06-14T09:49:34.834449+08:00,11.041667,video=h264 1920x1080 fps=24/1 frames=265 stream_dur=11.041667,,unreferenced-intermediate
Videos/Projects/using_ai_to_help_memory_retention_short/_tmp/16x9/cont_seg_8.mp4,mp4,exists,4568020,2026-06-14T09:49:37.340493+08:00,11.041667,video=h264 1920x1080 fps=24/1 frames=265 stream_dur=11.041667,,unreferenced-intermediate
Videos/Projects/using_ai_to_help_memory_retention_short/_tmp/16x9/cont_seg_9.mp4,mp4,exists,6704339,2026-06-14T09:49:40.655550+08:00,11.041667,video=h264 1920x1080 fps=24/1 frames=265 stream_dur=11.041667,,unreferenced-intermediate
Videos/Projects/using_ai_to_help_memory_retention_short/_tmp/16x9/cont_visual.mp4,mp4,exists,43290892,2026-06-14T09:49:40.845554+08:00,83.333333,video=h264 1920x1080 fps=24/1 frames=2000 stream_dur=83.333333,,unreferenced-intermediate
Videos/Projects/using_ai_to_help_memory_retention_short/_tmp/9x16/cont_concat.txt,txt,exists,1110,2026-06-14T09:50:16.466567+08:00,,,,unreferenced-intermediate
Videos/Projects/using_ai_to_help_memory_retention_short/_tmp/9x16/cont_joined.mp4,mp4,exists,56080634,2026-06-14T09:50:19.789231+08:00,146.560000,video=h264 1080x1920 fps=24/1 frames=2000 stream_dur=83.333333; audio=aac 48000Hz 2ch stream_dur=146.560000,,unreferenced-intermediate
Videos/Projects/using_ai_to_help_memory_retention_short/_tmp/9x16/cont_seg_0.mp4,mp4,exists,4227500,2026-06-14T09:49:51.215734+08:00,8.041667,video=h264 1080x1920 fps=24/1 frames=193 stream_dur=8.041667,,unreferenced-intermediate
Videos/Projects/using_ai_to_help_memory_retention_short/_tmp/9x16/cont_seg_1.mp4,mp4,exists,2439944,2026-06-14T09:49:52.917764+08:00,4.666667,video=h264 1080x1920 fps=24/1 frames=112 stream_dur=4.666667,,unreferenced-intermediate
Videos/Projects/using_ai_to_help_memory_retention_short/_tmp/9x16/cont_seg_2.mp4,mp4,exists,3197300,2026-06-14T09:49:55.257804+08:00,7.041667,video=h264 1080x1920 fps=24/1 frames=169 stream_dur=7.041667,,unreferenced-intermediate
Videos/Projects/using_ai_to_help_memory_retention_short/_tmp/9x16/cont_seg_3.mp4,mp4,exists,3739982,2026-06-14T09:49:57.184838+08:00,5.750000,video=h264 1080x1920 fps=24/1 frames=138 stream_dur=5.750000,,unreferenced-intermediate
Videos/Projects/using_ai_to_help_memory_retention_short/_tmp/9x16/cont_seg_4.mp4,mp4,exists,4723804,2026-06-14T09:49:59.966886+08:00,7.041667,video=h264 1080x1920 fps=24/1 frames=169 stream_dur=7.041667,,unreferenced-intermediate
Videos/Projects/using_ai_to_help_memory_retention_short/_tmp/9x16/cont_seg_5.mp4,mp4,exists,7297362,2026-06-14T09:50:03.517948+08:00,10.625000,video=h264 1080x1920 fps=24/1 frames=255 stream_dur=10.625000,,unreferenced-intermediate
Videos/Projects/using_ai_to_help_memory_retention_short/_tmp/9x16/cont_seg_6.mp4,mp4,exists,2786591,2026-06-14T09:50:05.570984+08:00,7.041667,video=h264 1080x1920 fps=24/1 frames=169 stream_dur=7.041667,,unreferenced-intermediate
Videos/Projects/using_ai_to_help_memory_retention_short/_tmp/9x16/cont_seg_7.mp4,mp4,exists,8489728,2026-06-14T09:50:09.293048+08:00,11.041667,video=h264 1080x1920 fps=24/1 frames=265 stream_dur=11.041667,,unreferenced-intermediate
Videos/Projects/using_ai_to_help_memory_retention_short/_tmp/9x16/cont_seg_8.mp4,mp4,exists,6221972,2026-06-14T09:50:12.543105+08:00,11.041667,video=h264 1080x1920 fps=24/1 frames=265 stream_dur=11.041667,,unreferenced-intermediate
Videos/Projects/using_ai_to_help_memory_retention_short/_tmp/9x16/cont_seg_9.mp4,mp4,exists,9392575,2026-06-14T09:50:16.454173+08:00,11.041667,video=h264 1080x1920 fps=24/1 frames=265 stream_dur=11.041667,,unreferenced-intermediate
Videos/Projects/using_ai_to_help_memory_retention_short/_tmp/9x16/cont_visual.mp4,mp4,exists,52509667,2026-06-14T09:50:16.625176+08:00,83.333333,video=h264 1080x1920 fps=24/1 frames=2000 stream_dur=83.333333,,unreferenced-intermediate
Videos/Projects/using_ai_to_help_memory_retention_short/manifest.json,json,exists,6453,2026-06-14T09:48:04.885673+08:00,,,,expected
Videos/Projects/using_ai_to_help_memory_retention_short/media_generation_log.json,json,exists,3155,2026-06-14T09:41:58.148763+08:00,,,,expected
Videos/Projects/using_ai_to_help_memory_retention_short/media_plan.json,json,exists,40275,2026-06-14T09:14:24.209479+08:00,,,,expected
Videos/Projects/using_ai_to_help_memory_retention_short/media_qa_report.json,json,exists,3634,2026-06-14T09:44:04.470535+08:00,,,,expected
Videos/Projects/using_ai_to_help_memory_retention_short/narration/001_hook.mp3,missing,missing,,,,,,expected-missing
Videos/Projects/using_ai_to_help_memory_retention_short/narration/002_proof.mp3,missing,missing,,,,,,expected-missing
Videos/Projects/using_ai_to_help_memory_retention_short/narration/003_flip.mp3,missing,missing,,,,,,expected-missing
Videos/Projects/using_ai_to_help_memory_retention_short/narration/004_takeaway_cta.mp3,missing,missing,,,,,,expected-missing
Videos/Projects/using_ai_to_help_memory_retention_short/narration/beat_timing_map.json,json,exists,1259,2026-06-14T09:05:14.239550+08:00,,,manifest.json,referenced
Videos/Projects/using_ai_to_help_memory_retention_short/narration/continuous.mp3,mp3,exists,2346048,2026-06-14T08:24:53.850228+08:00,146.599184,audio=mp3 44100Hz 1ch stream_dur=146.599184,manifest.json,referenced
Videos/Projects/using_ai_to_help_memory_retention_short/narration/slices/B001.mp3,mp3,exists,160540,2026-06-14T09:14:23.998732+08:00,10.004898,audio=mp3 44100Hz 1ch stream_dur=10.004898,manifest.json; media_plan.json,referenced
Videos/Projects/using_ai_to_help_memory_retention_short/narration/slices/B002.mp3,mp3,exists,80709,2026-06-14T09:14:24.028732+08:00,5.015510,audio=mp3 44100Hz 1ch stream_dur=5.015510,manifest.json; media_plan.json,referenced
Videos/Projects/using_ai_to_help_memory_retention_short/narration/slices/B004.mp3,mp3,exists,96592,2026-06-14T09:14:24.060733+08:00,6.008163,audio=mp3 44100Hz 1ch stream_dur=6.008163,manifest.json; media_generation_log.json; media_plan.json,referenced
Videos/Projects/using_ai_to_help_memory_retention_short/narration/slices/B006.mp3,mp3,exists,160540,2026-06-14T09:14:24.094733+08:00,10.004898,audio=mp3 44100Hz 1ch stream_dur=10.004898,manifest.json; media_generation_log.json; media_plan.json,referenced
Videos/Projects/using_ai_to_help_memory_retention_short/narration/slices/B008.mp3,mp3,exists,160540,2026-06-14T09:14:24.130734+08:00,10.004898,audio=mp3 44100Hz 1ch stream_dur=10.004898,manifest.json; media_generation_log.json; media_plan.json,referenced
Videos/Projects/using_ai_to_help_memory_retention_short/narration/slices/B009.mp3,mp3,exists,160539,2026-06-14T09:14:24.166734+08:00,10.004898,audio=mp3 44100Hz 1ch stream_dur=10.004898,manifest.json; media_generation_log.json; media_plan.json,referenced
Videos/Projects/using_ai_to_help_memory_retention_short/narration/slices/B010.mp3,mp3,exists,160540,2026-06-14T09:14:24.206735+08:00,10.004898,audio=mp3 44100Hz 1ch stream_dur=10.004898,manifest.json; media_generation_log.json; media_plan.json,referenced
Videos/Projects/using_ai_to_help_memory_retention_short/narration/timing_map.json,missing,missing,,,,,,expected-missing
Videos/Projects/using_ai_to_help_memory_retention_short/research_brief.json,json,exists,5550,2026-06-14T01:47:24.977818+08:00,,,,expected
Videos/Projects/using_ai_to_help_memory_retention_short/review_rounds/script_round0.json,json,exists,16949,2026-06-14T01:48:39.886730+08:00,,,,evidence-unreferenced-by-json
Videos/Projects/using_ai_to_help_memory_retention_short/review_rounds/script_round1.json,json,exists,16864,2026-06-14T01:50:37.288620+08:00,,,,evidence-unreferenced-by-json
Videos/Projects/using_ai_to_help_memory_retention_short/review_rounds/script_round2.json,json,exists,12294,2026-06-14T01:52:27.290634+08:00,,,,evidence-unreferenced-by-json
Videos/Projects/using_ai_to_help_memory_retention_short/review_rounds/storyboard_round0.json,json,exists,46685,2026-06-14T03:30:37.017979+08:00,,,,evidence-unreferenced-by-json
Videos/Projects/using_ai_to_help_memory_retention_short/review_rounds/storyboard_round1.json,json,exists,58565,2026-06-14T03:34:44.661659+08:00,,,,evidence-unreferenced-by-json
Videos/Projects/using_ai_to_help_memory_retention_short/review_rounds/storyboard_round2.json,json,exists,58661,2026-06-14T03:38:31.250417+08:00,,,,evidence-unreferenced-by-json
Videos/Projects/using_ai_to_help_memory_retention_short/review_rounds/storyboard_round3.json,json,exists,62413,2026-06-14T03:15:53.685522+08:00,,,,evidence-unreferenced-by-json
Videos/Projects/using_ai_to_help_memory_retention_short/script.json,json,exists,4252,2026-06-14T08:24:19.008906+08:00,,,,expected
Videos/Projects/using_ai_to_help_memory_retention_short/state.json,json,exists,1758,2026-06-14T09:50:34.651423+08:00,,,,expected
Videos/Projects/using_ai_to_help_memory_retention_short/storyboard.json,json,exists,25549,2026-06-14T09:13:30.006419+08:00,,,,expected
Videos/Projects/using_ai_to_help_memory_retention_short/transcripts/0_research.md,md,exists,18294,2026-06-14T01:47:24.973334+08:00,,,,evidence-unreferenced-by-json
Videos/Projects/using_ai_to_help_memory_retention_short/transcripts/1_script_writer.md,md,exists,7580,2026-06-14T01:47:54.529837+08:00,,,,evidence-unreferenced-by-json
Videos/Projects/using_ai_to_help_memory_retention_short/transcripts/2_script_review_loop.md,md,exists,329,2026-06-14T01:52:27.291572+08:00,,,,evidence-unreferenced-by-json
Videos/Projects/using_ai_to_help_memory_retention_short/transcripts/3_storyboard_director.md,md,exists,6346,2026-06-14T03:02:27.903991+08:00,,,,evidence-unreferenced-by-json
Videos/Projects/using_ai_to_help_memory_retention_short/tts_log.json,missing,missing,,,,,,expected-missing
Videos/Projects/using_ai_to_help_memory_retention_short/using_ai_to_help_memory_retention_short_16x9.mp4,mp4,exists,46857965,2026-06-14T09:49:48.829693+08:00,146.600000,video=h264 1920x1080 fps=24/1 frames=2000 stream_dur=83.333333; audio=aac 96000Hz 2ch stream_dur=146.600000,state.json; assembly_log.json,referenced
Videos/Projects/using_ai_to_help_memory_retention_short/using_ai_to_help_memory_retention_short_9x16.mp4,mp4,exists,56076620,2026-06-14T09:50:24.554313+08:00,146.600000,video=h264 1080x1920 fps=24/1 frames=2000 stream_dur=83.333333; audio=aac 96000Hz 2ch stream_dur=146.600000,assembly_log.json,referenced
Videos/Projects/using_ai_to_help_memory_retention_short/using_ai_to_help_memory_retention_short_log.json,json,exists,1085,2026-06-14T09:50:24.602154+08:00,,,,expected
assets/media/001_hook/B001.mp4,mp4,exists,1953391,2026-06-13T20:56:00.765224+08:00,7.081995,video=h264 1280x720 fps=24/1 frames=169 stream_dur=7.041667; audio=aac 44100Hz 2ch stream_dur=7.081995,manifest.json; media_plan.json; media_qa_report.json,referenced;stale-pre-project;missing-generation-provenance
assets/media/001_hook/B002.mp4,mp4,exists,2633304,2026-06-13T14:38:25.518772+08:00,4.041667,video=h264 1280x720 fps=24/1 frames=97 stream_dur=4.041667,manifest.json; media_plan.json; media_qa_report.json,referenced;stale-pre-project;missing-generation-provenance
assets/media/002_proof/B003.mp4,mp4,exists,3246519,2026-06-14T09:07:48.686856+08:00,6.041667,video=h264 1280x720 fps=24/1 frames=145 stream_dur=6.041667,manifest.json; media_plan.json; media_qa_report.json,referenced;missing-generation-provenance
assets/media/002_proof/B004.mp4,mp4,exists,1823796,2026-06-14T09:17:49.577307+08:00,6.082993,video=h264 1280x720 fps=24/1 frames=145 stream_dur=6.041667; audio=aac 44100Hz 2ch stream_dur=6.082993,manifest.json; media_generation_log.json; media_plan.json; media_qa_report.json,referenced
assets/media/002_proof/B005.mp4,mp4,exists,4831789,2026-06-14T09:18:58.531507+08:00,6.041667,video=h264 1280x720 fps=24/1 frames=145 stream_dur=6.041667,manifest.json; media_generation_log.json; media_plan.json; media_qa_report.json,referenced
assets/media/003_flip/B006.mp4,mp4,exists,3470470,2026-06-14T09:22:54.027607+08:00,10.100000,video=h264 1280x720 fps=24/1 frames=241 stream_dur=10.041667; audio=aac 44100Hz 2ch stream_dur=10.100000,manifest.json; media_generation_log.json; media_plan.json; media_qa_report.json,referenced
assets/media/003_flip/B007.mp4,mp4,exists,2778813,2026-06-14T09:24:03.110810+08:00,6.041667,video=h264 1280x720 fps=24/1 frames=145 stream_dur=6.041667,manifest.json; media_generation_log.json; media_plan.json; media_qa_report.json,referenced
assets/media/003_flip/B008.mp4,mp4,exists,3756638,2026-06-14T09:28:16.490221+08:00,10.100000,video=h264 1280x720 fps=24/1 frames=241 stream_dur=10.041667; audio=aac 44100Hz 2ch stream_dur=10.100000,manifest.json; media_generation_log.json; media_plan.json; media_qa_report.json,referenced
assets/media/004_takeaway_cta/B009.mp4,mp4,exists,2764217,2026-06-14T09:32:30.826648+08:00,10.100000,video=h264 1280x720 fps=24/1 frames=241 stream_dur=10.041667; audio=aac 44100Hz 2ch stream_dur=10.100000,manifest.json; media_generation_log.json; media_plan.json; media_qa_report.json,referenced
assets/media/004_takeaway_cta/B010.mp4,mp4,exists,3944854,2026-06-14T09:41:58.092511+08:00,10.100000,video=h264 1280x720 fps=24/1 frames=241 stream_dur=10.041667; audio=aac 44100Hz 2ch stream_dur=10.100000,manifest.json; media_generation_log.json; media_plan.json; media_qa_report.json,referenced
